<hibernate-configuration>
    <session-factory>
        <property name="hibernate.connection.driver_class">oracle.jdbc.OracleDriver</property>
        <property name="hibernate.connection.url">jdbc:oracle:thin:@localhost:1521:xe</property>
        <property name="hibernate.connection.username">system</property>
        <property name="hibernate.connection.password">12345678</property>
        <property name="hibernate.dialect">org.hibernate.dialect.OracleDialect</property>
        <property name="hibernate.hbm2ddl.auto">update</property>
        <property name="hibernate.show_sql">true</property>
        <mapping class="JFSD.com.klef.jfsd.exam.Vehicle"/>
		<mapping class="JFSD.com.klef.jfsd.exam.Car"/>
		<mapping class="JFSD.com.klef.jfsd.exam.Truck"/>

    </session-factory>
</hibernate-configuration>
